0,Adam,Bryan,401318,534.962.5164
1,Carrie,Tran,186145,186-982-2313x550
2,Jorge,Vazquez,308820,029-241-6192x63895
3,Jonathan,Mclaughlin,298641,001-249-682-0240
4,Glenn,Cruz,422945,0716205381
5,Mr.,Mark,363543,683.518.2172x5332
6,Brandon,Dominguez,344080,729-148-6176
7,Thomas,Lopez,201312,262-298-3686x5117
8,Lori,Duncan,287105,001-835-942-8804
9,Robert,Herrera,194438,125-047-5647
10,Emily,Vasquez,191424,7035201019
11,Dominic,Clark,152918,619.450.6321
12,Eric,Cook,336825,(218)056-5031
13,Deanna,Patel,479853,401-183-8868
14,Joseph,Chapman,328793,+1-276-705-0658x905
15,Angel,Edwards,198176,+1-269-909-1711x9200
16,Julia,Harrison,135757,352-698-3723x89832
17,Joy,Blake,263250,118.114.9334x37576
18,Marie,Hancock,390964,001-180-885-3671x671
19,Jeremy,Coleman,165797,396-492-0840
20,Christina,Garrett,194106,6538431348
21,Christian,Perkins,229447,001-253-299-4840x3669
22,Matthew,Luna,157190,+1-984-848-1772x6011
23,Ernest,Gutierrez,385228,161-639-0720x5242
24,Eric,Burton,421597,053.970.5672
25,Sandra,Mckenzie,450939,827.707.5367
26,Edward,Cordova,453157,(651)228-0162
27,Daniel,Davis,145145,389.499.4556
28,Bryan,Kim,494770,341.240.8228x34345
29,Timothy,Durham,267768,+1-302-002-6696x022
30,Katherine,Garcia,345385,001-201-525-5343
31,Gary,King,196364,001-282-607-2422x8944
32,Aaron,Cunningham,132488,+1-836-118-2782
33,Russell,Rodriguez,430903,207-164-4288
34,Thomas,Thompson,202928,243-156-8943
35,Eric,Carter,294228,001-967-671-7739x052
36,Dr.,Angela,132757,+1-832-220-1200x4184
37,Robin,Olson,127452,510.061.4711x627
38,Briana,Gallegos,485651,362-653-6075x1751
39,Angela,Harris,118792,658-723-4602
40,Steven,Lopez,257363,039-768-5966x46021
41,Adam,Mack,450231,(818)762-0122x797
42,Erin,Cooper,403707,745.612.3779x815
43,Francisco,Logan,362408,848-525-1176x779
44,Daniel,Hubbard,387226,+1-756-681-0570x3025
45,Alexander,Gregory,356014,001-235-556-3370x33937
46,Nicole,Raymond,178278,+1-722-785-9350
47,Bryan,Page,377523,695-853-6163x731
48,Christopher,Watson,360727,+1-142-538-9704x4750
49,Sharon,Marsh,183347,059.301.9235x47700
50,Keith,Bowers,112317,(658)091-8394
51,Jason,Tanner,198260,+1-375-265-2537x67436
52,Tyler,Daniels,104689,095.470.5647x14538
53,Wendy,Smith,473521,+1-222-468-1791
54,Dr.,Ashley,291064,820.250.3389x39162
55,Sara,Gates,369166,+1-105-571-4034
56,Roy,Adams,183861,001-076-870-8118x9164
57,Margaret,Doyle,358605,561-580-9850
58,Anna,Kelley,297919,+1-540-720-6429x113
59,Whitney,Smith,312458,+1-641-011-1320x3325
60,Angela,Smith,291670,173-487-3613x6794
61,Jacob,Black,182424,001-966-810-5144
62,Marie,Wagner,471222,674.164.4608x88564
63,Victor,Faulkner,125076,(515)336-9250
64,Mark,Howard,236278,+1-807-712-4938
65,Cameron,Alexander,496614,001-151-029-2018x25951
66,Angela,Briggs,216598,747-647-2216x8656
67,Stacy,Smith,90142,440.266.6200
68,Theresa,Ryan,448802,(733)849-6841x6159
69,Kathryn,Herman,92664,614-252-0814
70,Daniel,Robbins,236600,+1-904-592-3487x258
71,Jacqueline,Navarro,484837,(600)802-4644x4176
72,Christine,Thompson,219599,2576800319
73,Kelly,Mitchell,127553,(270)199-1306x1451
74,Anthony,Strickland,280825,+1-186-620-9098x707
75,Robert,Weber,463998,001-920-746-0718x8894
76,Nicholas,Cline,208643,755-797-4521
77,Nicholas,Ramirez,259216,3486275188
78,Meghan,Johnson,212553,+1-406-409-2991
79,Janice,Monroe,393271,001-040-334-3708x6282
80,April,Allen,189865,233.389.0636x231
81,James,Riley,450636,001-239-377-4757x05842
82,Susan,Lee,275045,523-360-4025
83,Brett,Hendricks,432925,863-784-7090x01521
84,Emily,Cruz,260538,012-278-2245
85,Joshua,Rosales,472239,+1-462-839-0759
86,Lauren,Hayes,181570,226.957.4148
87,Anthony,Miller,487606,013-789-6715x813
88,John,Ward,406432,960.491.4177x389
89,Benjamin,Baker,439191,435-048-1447
90,Katie,Smith,450640,(080)176-5363x649
91,Michael,Colon,315399,(418)710-5621x9148
92,Michelle,Poole,204834,718.767.7980
93,Brian,Chapman,256832,813.567.1771
94,Jessica,Erickson,318554,001-630-739-9937
95,Sheila,Rogers,188628,(006)954-8904x254
96,Donna,Moore,150140,467.152.5873x421
97,Michelle,Vasquez,237975,+1-530-409-1828x98170
98,Chelsea,Marshall,467387,001-407-184-0146x537
99,Ryan,Andrews,425796,+1-983-473-5935x03484
